{
  "multipart": [
		{ "apply": { "model": "block/dark_oak_leaves" } },
		{ "when": { "persistent": "false", "distance": 7 }, "apply": { "model": "block/dark_oak_leaves_dead" } },
		{ "when": { "persistent": "false", "distance": 6 }, "apply": [ 
			{ "model": "block/dark_oak_leaves", "weight": 50 },  
			{ "model": "block/oak_apple", "weight": 5 }, 
			{ "model": "block/oak_leaves_falling", "weight": 1 }, 
			{ "model": "block/oak_leaves_falling2", "weight": 1 }, 
			{ "model": "block/oak_leaves_falling3", "weight": 1 }, 
			{ "model": "block/oak_leaves_falling4", "weight": 1 }, 
			{ "model": "block/oak_leaves_falling5", "weight": 1 }, 
			{ "model": "block/oak_leaves_falling", "weight": 1, "y": 90 }, 
			{ "model": "block/oak_leaves_falling2", "weight": 1, "y": 90 }, 
			{ "model": "block/oak_leaves_falling3", "weight": 1, "y": 90 }, 
			{ "model": "block/oak_leaves_falling4", "weight": 1, "y": 90 }, 
			{ "model": "block/oak_leaves_falling5", "weight": 1, "y": 90 }  
			] 
		},
		{ "when": { "persistent": "false", "distance": 5 }, "apply": [ 
			{ "model": "block/dark_oak_leaves", "weight": 100 },  
			{ "model": "block/oak_apple", "weight": 5 }, 
			{ "model": "block/oak_leaves_falling", "weight": 1 }, 
			{ "model": "block/oak_leaves_falling2", "weight": 1 }, 
			{ "model": "block/oak_leaves_falling3", "weight": 1 }, 
			{ "model": "block/oak_leaves_falling4", "weight": 1 }, 
			{ "model": "block/oak_leaves_falling5", "weight": 1 }, 
			{ "model": "block/oak_leaves_falling", "weight": 1, "y": 90 }, 
			{ "model": "block/oak_leaves_falling2", "weight": 1, "y": 90 }, 
			{ "model": "block/oak_leaves_falling3", "weight": 1, "y": 90 }, 
			{ "model": "block/oak_leaves_falling4", "weight": 1, "y": 90 }, 
			{ "model": "block/oak_leaves_falling5", "weight": 1, "y": 90 }  
			] 
		},
		{ "when": { "persistent": "false", "distance": 4 }, "apply": [ 
			{ "model": "block/dark_oak_leaves", "weight": 150 },  
			{ "model": "block/oak_apple", "weight": 5 }, 
			{ "model": "block/oak_leaves_falling", "weight": 1 }, 
			{ "model": "block/oak_leaves_falling2", "weight": 1 }, 
			{ "model": "block/oak_leaves_falling3", "weight": 1 }, 
			{ "model": "block/oak_leaves_falling4", "weight": 1 }, 
			{ "model": "block/oak_leaves_falling5", "weight": 1 }, 
			{ "model": "block/oak_leaves_falling", "weight": 1, "y": 90 }, 
			{ "model": "block/oak_leaves_falling2", "weight": 1, "y": 90 }, 
			{ "model": "block/oak_leaves_falling3", "weight": 1, "y": 90 }, 
			{ "model": "block/oak_leaves_falling4", "weight": 1, "y": 90 }, 
			{ "model": "block/oak_leaves_falling5", "weight": 1, "y": 90 }  
			] 
		},
		{ "when": { "persistent": "false", "distance": 3 }, "apply": [ 
			{ "model": "block/dark_oak_leaves", "weight": 200 },  
			{ "model": "block/oak_apple", "weight": 5 }, 
			{ "model": "block/oak_leaves_falling", "weight": 1 }, 
			{ "model": "block/oak_leaves_falling2", "weight": 1 }, 
			{ "model": "block/oak_leaves_falling3", "weight": 1 }, 
			{ "model": "block/oak_leaves_falling4", "weight": 1 }, 
			{ "model": "block/oak_leaves_falling5", "weight": 1 }, 
			{ "model": "block/oak_leaves_falling", "weight": 1, "y": 90 }, 
			{ "model": "block/oak_leaves_falling2", "weight": 1, "y": 90 }, 
			{ "model": "block/oak_leaves_falling3", "weight": 1, "y": 90 }, 
			{ "model": "block/oak_leaves_falling4", "weight": 1, "y": 90 }, 
			{ "model": "block/oak_leaves_falling5", "weight": 1, "y": 90 }  
			] 
		},
		{ "when": { "persistent": "false", "distance": 2 }, "apply": [ 
			{ "model": "block/dark_oak_leaves", "weight": 250 },  
			{ "model": "block/oak_leaves_falling", "weight": 1 }, 
			{ "model": "block/oak_leaves_falling2", "weight": 1 }, 
			{ "model": "block/oak_leaves_falling3", "weight": 1 }, 
			{ "model": "block/oak_leaves_falling4", "weight": 1 }, 
			{ "model": "block/oak_leaves_falling5", "weight": 1 }, 
			{ "model": "block/oak_leaves_falling", "weight": 1, "y": 90 }, 
			{ "model": "block/oak_leaves_falling2", "weight": 1, "y": 90 }, 
			{ "model": "block/oak_leaves_falling3", "weight": 1, "y": 90 }, 
			{ "model": "block/oak_leaves_falling4", "weight": 1, "y": 90 }, 
			{ "model": "block/oak_leaves_falling5", "weight": 1, "y": 90 }  
			] 
		},{ "when": { "persistent": "false", "distance": 1 }, "apply": [ 
			{ "model": "block/dark_oak_leaves", "weight": 300 },  
			{ "model": "block/oak_leaves_falling", "weight": 1 }, 
			{ "model": "block/oak_leaves_falling2", "weight": 1 }, 
			{ "model": "block/oak_leaves_falling3", "weight": 1 }, 
			{ "model": "block/oak_leaves_falling4", "weight": 1 }, 
			{ "model": "block/oak_leaves_falling5", "weight": 1 }, 
			{ "model": "block/oak_leaves_falling", "weight": 1, "y": 90 }, 
			{ "model": "block/oak_leaves_falling2", "weight": 1, "y": 90 }, 
			{ "model": "block/oak_leaves_falling3", "weight": 1, "y": 90 }, 
			{ "model": "block/oak_leaves_falling4", "weight": 1, "y": 90 }, 
			{ "model": "block/oak_leaves_falling5", "weight": 1, "y": 90 }  
			] 
		}
	]
}