{
    "multipart": [
        {   "when": { "power": "0", "north": "none", "east":  "none", "south": "none", "west":  "none" },
		"apply": { "model": "redstone/dot_0" }
        },
        {   "when": { "power": "0", "north": "side|up", "east":  "side|up", "south": "side|up", "west":  "side|up" },
		"apply": { "model": "redstone/cross_0" }
        },
        {   "when": { "power": "0", "north": "side|up", "east":  "side|up", "south": "side|up", "west":  "none" },
		"apply": { "model": "redstone/t_0" }
        },
        {   "when": { "power": "0", "north": "none", "east":  "side|up", "south": "side|up", "west":  "side|up" },
		"apply": { "model": "redstone/t_0", "y": 90 }
        },
        {   "when": { "power": "0", "north": "side|up", "east":  "none", "south": "side|up", "west":  "side|up" },
		"apply": { "model": "redstone/t_0", "y": 180 }
        },
        {   "when": { "power": "0", "north": "side|up", "east":  "side|up", "south": "none", "west":  "side|up" },
		"apply": { "model": "redstone/t_0", "y": 270 }
        },
        {   "when": { "power": "0", "north": "side|up", "east":  "side|up", "south": "none", "west":  "none" },
		"apply": { "model": "redstone/bend_0" }
        },
        {   "when": { "power": "0", "north": "none", "east":  "side|up", "south": "side|up", "west":  "none" },
		"apply": { "model": "redstone/bend_0", "y": 90 }
        },
        {   "when": { "power": "0", "north": "none", "east":  "none", "south": "side|up", "west":  "side|up" },
		"apply": { "model": "redstone/bend_0", "y": 180 }
        },
        {   "when": { "power": "0", "north": "side|up", "east":  "none", "south": "none", "west":  "side|up" },
		"apply": { "model": "redstone/bend_0", "y": 270 }
        },
        {   "when": { "power": "0", "north": "side|up", "east":  "none", "south": "side|up", "west":  "none" },
		"apply": { "model": "redstone/line_0" }
        },
        {   "when": { "power": "0", "north": "none", "east":  "side|up", "south": "none", "west":  "side|up" },
		"apply": { "model": "redstone/line_0", "y": 90 }
        },
        {   "when": { "power": "0", "north": "up" },
		"apply": { "model": "redstone/up_0", "y": 180 }
        },
        {   "when": { "power": "0", "east": "up" },
		"apply": { "model": "redstone/up_0", "y": 270 }
        },
        {   "when": { "power": "0", "south": "up" },
		"apply": { "model": "redstone/up_0" }
        },
        {   "when": { "power": "0", "west": "up" },
		"apply": { "model": "redstone/up_0", "y": 90 }
        },
		
        {   "when": { "power": "1", "north": "none", "east":  "none", "south": "none", "west":  "none" },
		"apply": { "model": "redstone/dot_1" }
        },
        {   "when": { "power": "1", "north": "side|up", "east":  "side|up", "south": "side|up", "west":  "side|up" },
		"apply": { "model": "redstone/cross_1" }
        },
        {   "when": { "power": "1", "north": "side|up", "east":  "side|up", "south": "side|up", "west":  "none" },
		"apply": { "model": "redstone/t_1" }
        },
        {   "when": { "power": "1", "north": "none", "east":  "side|up", "south": "side|up", "west":  "side|up" },
		"apply": { "model": "redstone/t_1", "y": 90 }
        },
        {   "when": { "power": "1", "north": "side|up", "east":  "none", "south": "side|up", "west":  "side|up" },
		"apply": { "model": "redstone/t_1", "y": 180 }
        },
        {   "when": { "power": "1", "north": "side|up", "east":  "side|up", "south": "none", "west":  "side|up" },
		"apply": { "model": "redstone/t_1", "y": 270 }
        },
        {   "when": { "power": "1", "north": "side|up", "east":  "side|up", "south": "none", "west":  "none" },
		"apply": { "model": "redstone/bend_1" }
        },
        {   "when": { "power": "1", "north": "none", "east":  "side|up", "south": "side|up", "west":  "none" },
		"apply": { "model": "redstone/bend_1", "y": 90 }
        },
        {   "when": { "power": "1", "north": "none", "east":  "none", "south": "side|up", "west":  "side|up" },
		"apply": { "model": "redstone/bend_1", "y": 180 }
        },
        {   "when": { "power": "1", "north": "side|up", "east":  "none", "south": "none", "west":  "side|up" },
		"apply": { "model": "redstone/bend_1", "y": 270 }
        },
        {   "when": { "power": "1", "north": "side|up", "east":  "none", "south": "side|up", "west":  "none" },
		"apply": { "model": "redstone/line_1" }
        },
        {   "when": { "power": "1", "north": "none", "east":  "side|up", "south": "none", "west":  "side|up" },
		"apply": { "model": "redstone/line_1", "y": 90 }
        },
        {   "when": { "power": "1", "north": "up" },
		"apply": { "model": "redstone/up_1", "y": 180 }
        },
        {   "when": { "power": "1", "east": "up" },
		"apply": { "model": "redstone/up_1", "y": 270 }
        },
        {   "when": { "power": "1", "south": "up" },
		"apply": { "model": "redstone/up_1" }
        },
        {   "when": { "power": "1", "west": "up" },
		"apply": { "model": "redstone/up_1", "y": 90 }
        },
		
        {   "when": { "power": "2", "north": "none", "east":  "none", "south": "none", "west":  "none" },
		"apply": { "model": "redstone/dot_2" }
        },
        {   "when": { "power": "2", "north": "side|up", "east":  "side|up", "south": "side|up", "west":  "side|up" },
		"apply": { "model": "redstone/cross_2" }
        },
        {   "when": { "power": "2", "north": "side|up", "east":  "side|up", "south": "side|up", "west":  "none" },
		"apply": { "model": "redstone/t_2" }
        },
        {   "when": { "power": "2", "north": "none", "east":  "side|up", "south": "side|up", "west":  "side|up" },
		"apply": { "model": "redstone/t_2", "y": 90 }
        },
        {   "when": { "power": "2", "north": "side|up", "east":  "none", "south": "side|up", "west":  "side|up" },
		"apply": { "model": "redstone/t_2", "y": 180 }
        },
        {   "when": { "power": "2", "north": "side|up", "east":  "side|up", "south": "none", "west":  "side|up" },
		"apply": { "model": "redstone/t_2", "y": 270 }
        },
        {   "when": { "power": "2", "north": "side|up", "east":  "side|up", "south": "none", "west":  "none" },
		"apply": { "model": "redstone/bend_2" }
        },
        {   "when": { "power": "2", "north": "none", "east":  "side|up", "south": "side|up", "west":  "none" },
		"apply": { "model": "redstone/bend_2", "y": 90 }
        },
        {   "when": { "power": "2", "north": "none", "east":  "none", "south": "side|up", "west":  "side|up" },
		"apply": { "model": "redstone/bend_2", "y": 180 }
        },
        {   "when": { "power": "2", "north": "side|up", "east":  "none", "south": "none", "west":  "side|up" },
		"apply": { "model": "redstone/bend_2", "y": 270 }
        },
        {   "when": { "power": "2", "north": "side|up", "east":  "none", "south": "side|up", "west":  "none" },
		"apply": { "model": "redstone/line_2" }
        },
        {   "when": { "power": "2", "north": "none", "east":  "side|up", "south": "none", "west":  "side|up" },
		"apply": { "model": "redstone/line_2", "y": 90 }
        },
        {   "when": { "power": "2", "north": "up" },
		"apply": { "model": "redstone/up_2", "y": 180 }
        },
        {   "when": { "power": "2", "east": "up" },
		"apply": { "model": "redstone/up_2", "y": 270 }
        },
        {   "when": { "power": "2", "south": "up" },
		"apply": { "model": "redstone/up_2" }
        },
        {   "when": { "power": "2", "west": "up" },
		"apply": { "model": "redstone/up_2", "y": 90 }
        },
		
        {   "when": { "power": "3", "north": "none", "east":  "none", "south": "none", "west":  "none" },
		"apply": { "model": "redstone/dot_3" }
        },
        {   "when": { "power": "3", "north": "side|up", "east":  "side|up", "south": "side|up", "west":  "side|up" },
		"apply": { "model": "redstone/cross_3" }
        },
        {   "when": { "power": "3", "north": "side|up", "east":  "side|up", "south": "side|up", "west":  "none" },
		"apply": { "model": "redstone/t_3" }
        },
        {   "when": { "power": "3", "north": "none", "east":  "side|up", "south": "side|up", "west":  "side|up" },
		"apply": { "model": "redstone/t_3", "y": 90 }
        },
        {   "when": { "power": "3", "north": "side|up", "east":  "none", "south": "side|up", "west":  "side|up" },
		"apply": { "model": "redstone/t_3", "y": 180 }
        },
        {   "when": { "power": "3", "north": "side|up", "east":  "side|up", "south": "none", "west":  "side|up" },
		"apply": { "model": "redstone/t_3", "y": 270 }
        },
        {   "when": { "power": "3", "north": "side|up", "east":  "side|up", "south": "none", "west":  "none" },
		"apply": { "model": "redstone/bend_3" }
        },
        {   "when": { "power": "3", "north": "none", "east":  "side|up", "south": "side|up", "west":  "none" },
		"apply": { "model": "redstone/bend_3", "y": 90 }
        },
        {   "when": { "power": "3", "north": "none", "east":  "none", "south": "side|up", "west":  "side|up" },
		"apply": { "model": "redstone/bend_3", "y": 180 }
        },
        {   "when": { "power": "3", "north": "side|up", "east":  "none", "south": "none", "west":  "side|up" },
		"apply": { "model": "redstone/bend_3", "y": 270 }
        },
        {   "when": { "power": "3", "north": "side|up", "east":  "none", "south": "side|up", "west":  "none" },
		"apply": { "model": "redstone/line_3" }
        },
        {   "when": { "power": "3", "north": "none", "east":  "side|up", "south": "none", "west":  "side|up" },
		"apply": { "model": "redstone/line_3", "y": 90 }
        },
        {   "when": { "power": "3", "north": "up" },
		"apply": { "model": "redstone/up_3", "y": 180 }
        },
        {   "when": { "power": "3", "east": "up" },
		"apply": { "model": "redstone/up_3", "y": 270 }
        },
        {   "when": { "power": "3", "south": "up" },
		"apply": { "model": "redstone/up_3" }
        },
        {   "when": { "power": "3", "west": "up" },
		"apply": { "model": "redstone/up_3", "y": 90 }
        },
		
        {   "when": { "power": "4", "north": "none", "east":  "none", "south": "none", "west":  "none" },
		"apply": { "model": "redstone/dot_4" }
        },
        {   "when": { "power": "4", "north": "side|up", "east":  "side|up", "south": "side|up", "west":  "side|up" },
		"apply": { "model": "redstone/cross_4" }
        },
        {   "when": { "power": "4", "north": "side|up", "east":  "side|up", "south": "side|up", "west":  "none" },
		"apply": { "model": "redstone/t_4" }
        },
        {   "when": { "power": "4", "north": "none", "east":  "side|up", "south": "side|up", "west":  "side|up" },
		"apply": { "model": "redstone/t_4", "y": 90 }
        },
        {   "when": { "power": "4", "north": "side|up", "east":  "none", "south": "side|up", "west":  "side|up" },
		"apply": { "model": "redstone/t_4", "y": 180 }
        },
        {   "when": { "power": "4", "north": "side|up", "east":  "side|up", "south": "none", "west":  "side|up" },
		"apply": { "model": "redstone/t_4", "y": 270 }
        },
        {   "when": { "power": "4", "north": "side|up", "east":  "side|up", "south": "none", "west":  "none" },
		"apply": { "model": "redstone/bend_4" }
        },
        {   "when": { "power": "4", "north": "none", "east":  "side|up", "south": "side|up", "west":  "none" },
		"apply": { "model": "redstone/bend_4", "y": 90 }
        },
        {   "when": { "power": "4", "north": "none", "east":  "none", "south": "side|up", "west":  "side|up" },
		"apply": { "model": "redstone/bend_4", "y": 180 }
        },
        {   "when": { "power": "4", "north": "side|up", "east":  "none", "south": "none", "west":  "side|up" },
		"apply": { "model": "redstone/bend_4", "y": 270 }
        },
        {   "when": { "power": "4", "north": "side|up", "east":  "none", "south": "side|up", "west":  "none" },
		"apply": { "model": "redstone/line_4" }
        },
        {   "when": { "power": "4", "north": "none", "east":  "side|up", "south": "none", "west":  "side|up" },
		"apply": { "model": "redstone/line_4", "y": 90 }
        },
        {   "when": { "power": "4", "north": "up" },
		"apply": { "model": "redstone/up_4", "y": 180 }
        },
        {   "when": { "power": "4", "east": "up" },
		"apply": { "model": "redstone/up_4", "y": 270 }
        },
        {   "when": { "power": "4", "south": "up" },
		"apply": { "model": "redstone/up_4" }
        },
        {   "when": { "power": "4", "west": "up" },
		"apply": { "model": "redstone/up_4", "y": 90 }
        },
		
        {   "when": { "power": "5", "north": "none", "east":  "none", "south": "none", "west":  "none" },
		"apply": { "model": "redstone/dot_5" }
        },
        {   "when": { "power": "5", "north": "side|up", "east":  "side|up", "south": "side|up", "west":  "side|up" },
		"apply": { "model": "redstone/cross_5" }
        },
        {   "when": { "power": "5", "north": "side|up", "east":  "side|up", "south": "side|up", "west":  "none" },
		"apply": { "model": "redstone/t_5" }
        },
        {   "when": { "power": "5", "north": "none", "east":  "side|up", "south": "side|up", "west":  "side|up" },
		"apply": { "model": "redstone/t_5", "y": 90 }
        },
        {   "when": { "power": "5", "north": "side|up", "east":  "none", "south": "side|up", "west":  "side|up" },
		"apply": { "model": "redstone/t_5", "y": 180 }
        },
        {   "when": { "power": "5", "north": "side|up", "east":  "side|up", "south": "none", "west":  "side|up" },
		"apply": { "model": "redstone/t_5", "y": 270 }
        },
        {   "when": { "power": "5", "north": "side|up", "east":  "side|up", "south": "none", "west":  "none" },
		"apply": { "model": "redstone/bend_5" }
        },
        {   "when": { "power": "5", "north": "none", "east":  "side|up", "south": "side|up", "west":  "none" },
		"apply": { "model": "redstone/bend_5", "y": 90 }
        },
        {   "when": { "power": "5", "north": "none", "east":  "none", "south": "side|up", "west":  "side|up" },
		"apply": { "model": "redstone/bend_5", "y": 180 }
        },
        {   "when": { "power": "5", "north": "side|up", "east":  "none", "south": "none", "west":  "side|up" },
		"apply": { "model": "redstone/bend_5", "y": 270 }
        },
        {   "when": { "power": "5", "north": "side|up", "east":  "none", "south": "side|up", "west":  "none" },
		"apply": { "model": "redstone/line_5" }
        },
        {   "when": { "power": "5", "north": "none", "east":  "side|up", "south": "none", "west":  "side|up" },
		"apply": { "model": "redstone/line_5", "y": 90 }
        },
        {   "when": { "power": "5", "north": "up" },
		"apply": { "model": "redstone/up_5", "y": 180 }
        },
        {   "when": { "power": "5", "east": "up" },
		"apply": { "model": "redstone/up_5", "y": 270 }
        },
        {   "when": { "power": "5", "south": "up" },
		"apply": { "model": "redstone/up_5" }
        },
        {   "when": { "power": "5", "west": "up" },
		"apply": { "model": "redstone/up_5", "y": 90 }
        },
		
        {   "when": { "power": "6", "north": "none", "east":  "none", "south": "none", "west":  "none" },
		"apply": { "model": "redstone/dot_6" }
        },
        {   "when": { "power": "6", "north": "side|up", "east":  "side|up", "south": "side|up", "west":  "side|up" },
		"apply": { "model": "redstone/cross_6" }
        },
        {   "when": { "power": "6", "north": "side|up", "east":  "side|up", "south": "side|up", "west":  "none" },
		"apply": { "model": "redstone/t_6" }
        },
        {   "when": { "power": "6", "north": "none", "east":  "side|up", "south": "side|up", "west":  "side|up" },
		"apply": { "model": "redstone/t_6", "y": 90 }
        },
        {   "when": { "power": "6", "north": "side|up", "east":  "none", "south": "side|up", "west":  "side|up" },
		"apply": { "model": "redstone/t_6", "y": 180 }
        },
        {   "when": { "power": "6", "north": "side|up", "east":  "side|up", "south": "none", "west":  "side|up" },
		"apply": { "model": "redstone/t_6", "y": 270 }
        },
        {   "when": { "power": "6", "north": "side|up", "east":  "side|up", "south": "none", "west":  "none" },
		"apply": { "model": "redstone/bend_6" }
        },
        {   "when": { "power": "6", "north": "none", "east":  "side|up", "south": "side|up", "west":  "none" },
		"apply": { "model": "redstone/bend_6", "y": 90 }
        },
        {   "when": { "power": "6", "north": "none", "east":  "none", "south": "side|up", "west":  "side|up" },
		"apply": { "model": "redstone/bend_6", "y": 180 }
        },
        {   "when": { "power": "6", "north": "side|up", "east":  "none", "south": "none", "west":  "side|up" },
		"apply": { "model": "redstone/bend_6", "y": 270 }
        },
        {   "when": { "power": "6", "north": "side|up", "east":  "none", "south": "side|up", "west":  "none" },
		"apply": { "model": "redstone/line_6" }
        },
        {   "when": { "power": "6", "north": "none", "east":  "side|up", "south": "none", "west":  "side|up" },
		"apply": { "model": "redstone/line_6", "y": 90 }
        },
        {   "when": { "power": "6", "north": "up" },
		"apply": { "model": "redstone/up_6", "y": 180 }
        },
        {   "when": { "power": "6", "east": "up" },
		"apply": { "model": "redstone/up_6", "y": 270 }
        },
        {   "when": { "power": "6", "south": "up" },
		"apply": { "model": "redstone/up_6" }
        },
        {   "when": { "power": "6", "west": "up" },
		"apply": { "model": "redstone/up_6", "y": 90 }
        },
		
        {   "when": { "power": "7", "north": "none", "east":  "none", "south": "none", "west":  "none" },
		"apply": { "model": "redstone/dot_7" }
        },
        {   "when": { "power": "7", "north": "side|up", "east":  "side|up", "south": "side|up", "west":  "side|up" },
		"apply": { "model": "redstone/cross_7" }
        },
        {   "when": { "power": "7", "north": "side|up", "east":  "side|up", "south": "side|up", "west":  "none" },
		"apply": { "model": "redstone/t_7" }
        },
        {   "when": { "power": "7", "north": "none", "east":  "side|up", "south": "side|up", "west":  "side|up" },
		"apply": { "model": "redstone/t_7", "y": 90 }
        },
        {   "when": { "power": "7", "north": "side|up", "east":  "none", "south": "side|up", "west":  "side|up" },
		"apply": { "model": "redstone/t_7", "y": 180 }
        },
        {   "when": { "power": "7", "north": "side|up", "east":  "side|up", "south": "none", "west":  "side|up" },
		"apply": { "model": "redstone/t_7", "y": 270 }
        },
        {   "when": { "power": "7", "north": "side|up", "east":  "side|up", "south": "none", "west":  "none" },
		"apply": { "model": "redstone/bend_7" }
        },
        {   "when": { "power": "7", "north": "none", "east":  "side|up", "south": "side|up", "west":  "none" },
		"apply": { "model": "redstone/bend_7", "y": 90 }
        },
        {   "when": { "power": "7", "north": "none", "east":  "none", "south": "side|up", "west":  "side|up" },
		"apply": { "model": "redstone/bend_7", "y": 180 }
        },
        {   "when": { "power": "7", "north": "side|up", "east":  "none", "south": "none", "west":  "side|up" },
		"apply": { "model": "redstone/bend_7", "y": 270 }
        },
        {   "when": { "power": "7", "north": "side|up", "east":  "none", "south": "side|up", "west":  "none" },
		"apply": { "model": "redstone/line_7" }
        },
        {   "when": { "power": "7", "north": "none", "east":  "side|up", "south": "none", "west":  "side|up" },
		"apply": { "model": "redstone/line_7", "y": 90 }
        },
        {   "when": { "power": "7", "north": "up" },
		"apply": { "model": "redstone/up_7", "y": 180 }
        },
        {   "when": { "power": "7", "east": "up" },
		"apply": { "model": "redstone/up_7", "y": 270 }
        },
        {   "when": { "power": "7", "south": "up" },
		"apply": { "model": "redstone/up_7" }
        },
        {   "when": { "power": "7", "west": "up" },
		"apply": { "model": "redstone/up_7", "y": 90 }
        },
		
        {   "when": { "power": "8", "north": "none", "east":  "none", "south": "none", "west":  "none" },
		"apply": { "model": "redstone/dot_8" }
        },
        {   "when": { "power": "8", "north": "side|up", "east":  "side|up", "south": "side|up", "west":  "side|up" },
		"apply": { "model": "redstone/cross_8" }
        },
        {   "when": { "power": "8", "north": "side|up", "east":  "side|up", "south": "side|up", "west":  "none" },
		"apply": { "model": "redstone/t_8" }
        },
        {   "when": { "power": "8", "north": "none", "east":  "side|up", "south": "side|up", "west":  "side|up" },
		"apply": { "model": "redstone/t_8", "y": 90 }
        },
        {   "when": { "power": "8", "north": "side|up", "east":  "none", "south": "side|up", "west":  "side|up" },
		"apply": { "model": "redstone/t_8", "y": 180 }
        },
        {   "when": { "power": "8", "north": "side|up", "east":  "side|up", "south": "none", "west":  "side|up" },
		"apply": { "model": "redstone/t_8", "y": 270 }
        },
        {   "when": { "power": "8", "north": "side|up", "east":  "side|up", "south": "none", "west":  "none" },
		"apply": { "model": "redstone/bend_8" }
        },
        {   "when": { "power": "8", "north": "none", "east":  "side|up", "south": "side|up", "west":  "none" },
		"apply": { "model": "redstone/bend_8", "y": 90 }
        },
        {   "when": { "power": "8", "north": "none", "east":  "none", "south": "side|up", "west":  "side|up" },
		"apply": { "model": "redstone/bend_8", "y": 180 }
        },
        {   "when": { "power": "8", "north": "side|up", "east":  "none", "south": "none", "west":  "side|up" },
		"apply": { "model": "redstone/bend_8", "y": 270 }
        },
        {   "when": { "power": "8", "north": "side|up", "east":  "none", "south": "side|up", "west":  "none" },
		"apply": { "model": "redstone/line_8" }
        },
        {   "when": { "power": "8", "north": "none", "east":  "side|up", "south": "none", "west":  "side|up" },
		"apply": { "model": "redstone/line_8", "y": 90 }
        },
        {   "when": { "power": "8", "north": "up" },
		"apply": { "model": "redstone/up_8", "y": 180 }
        },
        {   "when": { "power": "8", "east": "up" },
		"apply": { "model": "redstone/up_8", "y": 270 }
        },
        {   "when": { "power": "8", "south": "up" },
		"apply": { "model": "redstone/up_8" }
        },
        {   "when": { "power": "8", "west": "up" },
		"apply": { "model": "redstone/up_8", "y": 90 }
        },
		
        {   "when": { "power": "9", "north": "none", "east":  "none", "south": "none", "west":  "none" },
		"apply": { "model": "redstone/dot_9" }
        },
        {   "when": { "power": "9", "north": "side|up", "east":  "side|up", "south": "side|up", "west":  "side|up" },
		"apply": { "model": "redstone/cross_9" }
        },
        {   "when": { "power": "9", "north": "side|up", "east":  "side|up", "south": "side|up", "west":  "none" },
		"apply": { "model": "redstone/t_9" }
        },
        {   "when": { "power": "9", "north": "none", "east":  "side|up", "south": "side|up", "west":  "side|up" },
		"apply": { "model": "redstone/t_9", "y": 90 }
        },
        {   "when": { "power": "9", "north": "side|up", "east":  "none", "south": "side|up", "west":  "side|up" },
		"apply": { "model": "redstone/t_9", "y": 180 }
        },
        {   "when": { "power": "9", "north": "side|up", "east":  "side|up", "south": "none", "west":  "side|up" },
		"apply": { "model": "redstone/t_9", "y": 270 }
        },
        {   "when": { "power": "9", "north": "side|up", "east":  "side|up", "south": "none", "west":  "none" },
		"apply": { "model": "redstone/bend_9" }
        },
        {   "when": { "power": "9", "north": "none", "east":  "side|up", "south": "side|up", "west":  "none" },
		"apply": { "model": "redstone/bend_9", "y": 90 }
        },
        {   "when": { "power": "9", "north": "none", "east":  "none", "south": "side|up", "west":  "side|up" },
		"apply": { "model": "redstone/bend_9", "y": 180 }
        },
        {   "when": { "power": "9", "north": "side|up", "east":  "none", "south": "none", "west":  "side|up" },
		"apply": { "model": "redstone/bend_9", "y": 270 }
        },
        {   "when": { "power": "9", "north": "side|up", "east":  "none", "south": "side|up", "west":  "none" },
		"apply": { "model": "redstone/line_9" }
        },
        {   "when": { "power": "9", "north": "none", "east":  "side|up", "south": "none", "west":  "side|up" },
		"apply": { "model": "redstone/line_9", "y": 90 }
        },
        {   "when": { "power": "9", "north": "up" },
		"apply": { "model": "redstone/up_9", "y": 180 }
        },
        {   "when": { "power": "9", "east": "up" },
		"apply": { "model": "redstone/up_9", "y": 270 }
        },
        {   "when": { "power": "9", "south": "up" },
		"apply": { "model": "redstone/up_9" }
        },
        {   "when": { "power": "9", "west": "up" },
		"apply": { "model": "redstone/up_9", "y": 90 }
        },
		
        {   "when": { "power": "10", "north": "none", "east":  "none", "south": "none", "west":  "none" },
		"apply": { "model": "redstone/dot_10" }
        },
        {   "when": { "power": "10", "north": "side|up", "east":  "side|up", "south": "side|up", "west":  "side|up" },
		"apply": { "model": "redstone/cross_10" }
        },
        {   "when": { "power": "10", "north": "side|up", "east":  "side|up", "south": "side|up", "west":  "none" },
		"apply": { "model": "redstone/t_10" }
        },
        {   "when": { "power": "10", "north": "none", "east":  "side|up", "south": "side|up", "west":  "side|up" },
		"apply": { "model": "redstone/t_10", "y": 90 }
        },
        {   "when": { "power": "10", "north": "side|up", "east":  "none", "south": "side|up", "west":  "side|up" },
		"apply": { "model": "redstone/t_10", "y": 180 }
        },
        {   "when": { "power": "10", "north": "side|up", "east":  "side|up", "south": "none", "west":  "side|up" },
		"apply": { "model": "redstone/t_10", "y": 270 }
        },
        {   "when": { "power": "10", "north": "side|up", "east":  "side|up", "south": "none", "west":  "none" },
		"apply": { "model": "redstone/bend_10" }
        },
        {   "when": { "power": "10", "north": "none", "east":  "side|up", "south": "side|up", "west":  "none" },
		"apply": { "model": "redstone/bend_10", "y": 90 }
        },
        {   "when": { "power": "10", "north": "none", "east":  "none", "south": "side|up", "west":  "side|up" },
		"apply": { "model": "redstone/bend_10", "y": 180 }
        },
        {   "when": { "power": "10", "north": "side|up", "east":  "none", "south": "none", "west":  "side|up" },
		"apply": { "model": "redstone/bend_10", "y": 270 }
        },
        {   "when": { "power": "10", "north": "side|up", "east":  "none", "south": "side|up", "west":  "none" },
		"apply": { "model": "redstone/line_10" }
        },
        {   "when": { "power": "10", "north": "none", "east":  "side|up", "south": "none", "west":  "side|up" },
		"apply": { "model": "redstone/line_10", "y": 90 }
        },
        {   "when": { "power": "10", "north": "up" },
		"apply": { "model": "redstone/up_10", "y": 180 }
        },
        {   "when": { "power": "10", "east": "up" },
		"apply": { "model": "redstone/up_10", "y": 270 }
        },
        {   "when": { "power": "10", "south": "up" },
		"apply": { "model": "redstone/up_10" }
        },
        {   "when": { "power": "10", "west": "up" },
		"apply": { "model": "redstone/up_10", "y": 90 }
        },
		
        {   "when": { "power": "11", "north": "none", "east":  "none", "south": "none", "west":  "none" },
		"apply": { "model": "redstone/dot_11" }
        },
        {   "when": { "power": "11", "north": "side|up", "east":  "side|up", "south": "side|up", "west":  "side|up" },
		"apply": { "model": "redstone/cross_11" }
        },
        {   "when": { "power": "11", "north": "side|up", "east":  "side|up", "south": "side|up", "west":  "none" },
		"apply": { "model": "redstone/t_11" }
        },
        {   "when": { "power": "11", "north": "none", "east":  "side|up", "south": "side|up", "west":  "side|up" },
		"apply": { "model": "redstone/t_11", "y": 90 }
        },
        {   "when": { "power": "11", "north": "side|up", "east":  "none", "south": "side|up", "west":  "side|up" },
		"apply": { "model": "redstone/t_11", "y": 180 }
        },
        {   "when": { "power": "11", "north": "side|up", "east":  "side|up", "south": "none", "west":  "side|up" },
		"apply": { "model": "redstone/t_11", "y": 270 }
        },
        {   "when": { "power": "11", "north": "side|up", "east":  "side|up", "south": "none", "west":  "none" },
		"apply": { "model": "redstone/bend_11" }
        },
        {   "when": { "power": "11", "north": "none", "east":  "side|up", "south": "side|up", "west":  "none" },
		"apply": { "model": "redstone/bend_11", "y": 90 }
        },
        {   "when": { "power": "11", "north": "none", "east":  "none", "south": "side|up", "west":  "side|up" },
		"apply": { "model": "redstone/bend_11", "y": 180 }
        },
        {   "when": { "power": "11", "north": "side|up", "east":  "none", "south": "none", "west":  "side|up" },
		"apply": { "model": "redstone/bend_11", "y": 270 }
        },
        {   "when": { "power": "11", "north": "side|up", "east":  "none", "south": "side|up", "west":  "none" },
		"apply": { "model": "redstone/line_11" }
        },
        {   "when": { "power": "11", "north": "none", "east":  "side|up", "south": "none", "west":  "side|up" },
		"apply": { "model": "redstone/line_11", "y": 90 }
        },
        {   "when": { "power": "11", "north": "up" },
		"apply": { "model": "redstone/up_11", "y": 180 }
        },
        {   "when": { "power": "11", "east": "up" },
		"apply": { "model": "redstone/up_11", "y": 270 }
        },
        {   "when": { "power": "11", "south": "up" },
		"apply": { "model": "redstone/up_11" }
        },
        {   "when": { "power": "11", "west": "up" },
		"apply": { "model": "redstone/up_11", "y": 90 }
        },
		
        {   "when": { "power": "12", "north": "none", "east":  "none", "south": "none", "west":  "none" },
		"apply": { "model": "redstone/dot_12" }
        },
        {   "when": { "power": "12", "north": "side|up", "east":  "side|up", "south": "side|up", "west":  "side|up" },
		"apply": { "model": "redstone/cross_12" }
        },
        {   "when": { "power": "12", "north": "side|up", "east":  "side|up", "south": "side|up", "west":  "none" },
		"apply": { "model": "redstone/t_12" }
        },
        {   "when": { "power": "12", "north": "none", "east":  "side|up", "south": "side|up", "west":  "side|up" },
		"apply": { "model": "redstone/t_12", "y": 90 }
        },
        {   "when": { "power": "12", "north": "side|up", "east":  "none", "south": "side|up", "west":  "side|up" },
		"apply": { "model": "redstone/t_12", "y": 180 }
        },
        {   "when": { "power": "12", "north": "side|up", "east":  "side|up", "south": "none", "west":  "side|up" },
		"apply": { "model": "redstone/t_12", "y": 270 }
        },
        {   "when": { "power": "12", "north": "side|up", "east":  "side|up", "south": "none", "west":  "none" },
		"apply": { "model": "redstone/bend_12" }
        },
        {   "when": { "power": "12", "north": "none", "east":  "side|up", "south": "side|up", "west":  "none" },
		"apply": { "model": "redstone/bend_12", "y": 90 }
        },
        {   "when": { "power": "12", "north": "none", "east":  "none", "south": "side|up", "west":  "side|up" },
		"apply": { "model": "redstone/bend_12", "y": 180 }
        },
        {   "when": { "power": "12", "north": "side|up", "east":  "none", "south": "none", "west":  "side|up" },
		"apply": { "model": "redstone/bend_12", "y": 270 }
        },
        {   "when": { "power": "12", "north": "side|up", "east":  "none", "south": "side|up", "west":  "none" },
		"apply": { "model": "redstone/line_12" }
        },
        {   "when": { "power": "12", "north": "none", "east":  "side|up", "south": "none", "west":  "side|up" },
		"apply": { "model": "redstone/line_12", "y": 90 }
        },
        {   "when": { "power": "12", "north": "up" },
		"apply": { "model": "redstone/up_12", "y": 180 }
        },
        {   "when": { "power": "12", "east": "up" },
		"apply": { "model": "redstone/up_12", "y": 270 }
        },
        {   "when": { "power": "12", "south": "up" },
		"apply": { "model": "redstone/up_12" }
        },
        {   "when": { "power": "12", "west": "up" },
		"apply": { "model": "redstone/up_12", "y": 90 }
        },
		
        {   "when": { "power": "13", "north": "none", "east":  "none", "south": "none", "west":  "none" },
		"apply": { "model": "redstone/dot_13" }
        },
        {   "when": { "power": "13", "north": "side|up", "east":  "side|up", "south": "side|up", "west":  "side|up" },
		"apply": { "model": "redstone/cross_13" }
        },
        {   "when": { "power": "13", "north": "side|up", "east":  "side|up", "south": "side|up", "west":  "none" },
		"apply": { "model": "redstone/t_13" }
        },
        {   "when": { "power": "13", "north": "none", "east":  "side|up", "south": "side|up", "west":  "side|up" },
		"apply": { "model": "redstone/t_13", "y": 90 }
        },
        {   "when": { "power": "13", "north": "side|up", "east":  "none", "south": "side|up", "west":  "side|up" },
		"apply": { "model": "redstone/t_13", "y": 180 }
        },
        {   "when": { "power": "13", "north": "side|up", "east":  "side|up", "south": "none", "west":  "side|up" },
		"apply": { "model": "redstone/t_13", "y": 270 }
        },
        {   "when": { "power": "13", "north": "side|up", "east":  "side|up", "south": "none", "west":  "none" },
		"apply": { "model": "redstone/bend_13" }
        },
        {   "when": { "power": "13", "north": "none", "east":  "side|up", "south": "side|up", "west":  "none" },
		"apply": { "model": "redstone/bend_13", "y": 90 }
        },
        {   "when": { "power": "13", "north": "none", "east":  "none", "south": "side|up", "west":  "side|up" },
		"apply": { "model": "redstone/bend_13", "y": 180 }
        },
        {   "when": { "power": "13", "north": "side|up", "east":  "none", "south": "none", "west":  "side|up" },
		"apply": { "model": "redstone/bend_13", "y": 270 }
        },
        {   "when": { "power": "13", "north": "side|up", "east":  "none", "south": "side|up", "west":  "none" },
		"apply": { "model": "redstone/line_13" }
        },
        {   "when": { "power": "13", "north": "none", "east":  "side|up", "south": "none", "west":  "side|up" },
		"apply": { "model": "redstone/line_13", "y": 90 }
        },
        {   "when": { "power": "13", "north": "up" },
		"apply": { "model": "redstone/up_13", "y": 180 }
        },
        {   "when": { "power": "13", "east": "up" },
		"apply": { "model": "redstone/up_13", "y": 270 }
        },
        {   "when": { "power": "13", "south": "up" },
		"apply": { "model": "redstone/up_13" }
        },
        {   "when": { "power": "13", "west": "up" },
		"apply": { "model": "redstone/up_13", "y": 90 }
        },
		
        {   "when": { "power": "14", "north": "none", "east":  "none", "south": "none", "west":  "none" },
		"apply": { "model": "redstone/dot_14" }
        },
        {   "when": { "power": "14", "north": "side|up", "east":  "side|up", "south": "side|up", "west":  "side|up" },
		"apply": { "model": "redstone/cross_14" }
        },
        {   "when": { "power": "14", "north": "side|up", "east":  "side|up", "south": "side|up", "west":  "none" },
		"apply": { "model": "redstone/t_14" }
        },
        {   "when": { "power": "14", "north": "none", "east":  "side|up", "south": "side|up", "west":  "side|up" },
		"apply": { "model": "redstone/t_14", "y": 90 }
        },
        {   "when": { "power": "14", "north": "side|up", "east":  "none", "south": "side|up", "west":  "side|up" },
		"apply": { "model": "redstone/t_14", "y": 180 }
        },
        {   "when": { "power": "14", "north": "side|up", "east":  "side|up", "south": "none", "west":  "side|up" },
		"apply": { "model": "redstone/t_14", "y": 270 }
        },
        {   "when": { "power": "14", "north": "side|up", "east":  "side|up", "south": "none", "west":  "none" },
		"apply": { "model": "redstone/bend_14" }
        },
        {   "when": { "power": "14", "north": "none", "east":  "side|up", "south": "side|up", "west":  "none" },
		"apply": { "model": "redstone/bend_14", "y": 90 }
        },
        {   "when": { "power": "14", "north": "none", "east":  "none", "south": "side|up", "west":  "side|up" },
		"apply": { "model": "redstone/bend_14", "y": 180 }
        },
        {   "when": { "power": "14", "north": "side|up", "east":  "none", "south": "none", "west":  "side|up" },
		"apply": { "model": "redstone/bend_14", "y": 270 }
        },
        {   "when": { "power": "14", "north": "side|up", "east":  "none", "south": "side|up", "west":  "none" },
		"apply": { "model": "redstone/line_14" }
        },
        {   "when": { "power": "14", "north": "none", "east":  "side|up", "south": "none", "west":  "side|up" },
		"apply": { "model": "redstone/line_14", "y": 90 }
        },
        {   "when": { "power": "14", "north": "up" },
		"apply": { "model": "redstone/up_14", "y": 180 }
        },
        {   "when": { "power": "14", "east": "up" },
		"apply": { "model": "redstone/up_14", "y": 270 }
        },
        {   "when": { "power": "14", "south": "up" },
		"apply": { "model": "redstone/up_14" }
        },
        {   "when": { "power": "14", "west": "up" },
		"apply": { "model": "redstone/up_14", "y": 90 }
        },
		
        {   "when": { "power": "15", "north": "none", "east":  "none", "south": "none", "west":  "none" },
		"apply": { "model": "redstone/dot_15" }
        },
        {   "when": { "power": "15", "north": "side|up", "east":  "side|up", "south": "side|up", "west":  "side|up" },
		"apply": { "model": "redstone/cross_15" }
        },
        {   "when": { "power": "15", "north": "side|up", "east":  "side|up", "south": "side|up", "west":  "none" },
		"apply": { "model": "redstone/t_15" }
        },
        {   "when": { "power": "15", "north": "none", "east":  "side|up", "south": "side|up", "west":  "side|up" },
		"apply": { "model": "redstone/t_15", "y": 90 }
        },
        {   "when": { "power": "15", "north": "side|up", "east":  "none", "south": "side|up", "west":  "side|up" },
		"apply": { "model": "redstone/t_15", "y": 180 }
        },
        {   "when": { "power": "15", "north": "side|up", "east":  "side|up", "south": "none", "west":  "side|up" },
		"apply": { "model": "redstone/t_15", "y": 270 }
        },
        {   "when": { "power": "15", "north": "side|up", "east":  "side|up", "south": "none", "west":  "none" },
		"apply": { "model": "redstone/bend_15" }
        },
        {   "when": { "power": "15", "north": "none", "east":  "side|up", "south": "side|up", "west":  "none" },
		"apply": { "model": "redstone/bend_15", "y": 90 }
        },
        {   "when": { "power": "15", "north": "none", "east":  "none", "south": "side|up", "west":  "side|up" },
		"apply": { "model": "redstone/bend_15", "y": 180 }
        },
        {   "when": { "power": "15", "north": "side|up", "east":  "none", "south": "none", "west":  "side|up" },
		"apply": { "model": "redstone/bend_15", "y": 270 }
        },
        {   "when": { "power": "15", "north": "side|up", "east":  "none", "south": "side|up", "west":  "none" },
		"apply": { "model": "redstone/line_15" }
        },
        {   "when": { "power": "15", "north": "none", "east":  "side|up", "south": "none", "west":  "side|up" },
		"apply": { "model": "redstone/line_15", "y": 90 }
        },
        {   "when": { "power": "15", "north": "up" },
		"apply": { "model": "redstone/up_15", "y": 180 }
        },
        {   "when": { "power": "15", "east": "up" },
		"apply": { "model": "redstone/up_15", "y": 270 }
        },
        {   "when": { "power": "15", "south": "up" },
		"apply": { "model": "redstone/up_15" }
        },
        {   "when": { "power": "15", "west": "up" },
		"apply": { "model": "redstone/up_15", "y": 90 }
        }
    ]
}
