{
	"ambientocclusion": false,
	"textures": {
		"top": "block/acacia_door",
		"particle": "block/air"
	},
	"elements": [
		{
			"from": [0, 0, 13],
			"to": [16, 16, 16],
			"faces": {
				"north": {"uv": [5.5, 0, 9.5, 4], "texture": "#top"},
				"east": {"uv": [4.75, 0, 5.5, 4], "texture": "#top", "cullface": "east"},
				"south": {"uv": [0.75, 0, 4.75, 4], "texture": "#top", "cullface": "south"},
				"west": {"uv": [0, 0, 0.75, 4], "texture": "#top", "cullface": "west"},
				"up": {"uv": [9.5, 0.75, 13.5, 0], "rotation": 180, "texture": "#top", "cullface": "up"}
			}
		},
		{
			"from": [2.9, 0, 16],
			"to": [13.1, 13.1, 13],
			"faces": {
				"east": {"uv": [13.5, 2.25, 12.75, 5.5], "texture": "#top"},
				"west": {"uv": [10.25, 2.25, 9.5, 5.5], "texture": "#top"},
				"up": {"uv": [10.25, 2.25, 12.75, 1.5], "texture": "#top"}
			}
		},
		{
			"from": [14, 0, 16],
			"to": [15, 2, 17],
			"faces": {
				"east": {"uv": [4.25, 3.5, 4.5, 4], "texture": "#top", "cullface": "south"},
				"south": {"uv": [4.25, 3.5, 4.5, 4], "texture": "#top", "cullface": "south"},
				"west": {"uv": [4.25, 3.5, 4.5, 4], "texture": "#top", "cullface": "south"},
				"up": {"uv": [4.25, 3.5, 4.5, 3.75], "texture": "#top", "cullface": "south"}
			}
		},
		{
			"from": [14, 0, 12],
			"to": [15, 2, 13],
			"faces": {
				"north": {"uv": [5.75, 3.5, 6, 4], "texture": "#top"},
				"east": {"uv": [5.75, 3.5, 6, 4], "texture": "#top"},
				"west": {"uv": [5.75, 3.5, 6, 4], "texture": "#top"},
				"up": {"uv": [5.75, 3.5, 6, 3.75], "texture": "#top"}
			}
		}
	]
}