{
	"ambientocclusion": false,
	"textures": {
		"top": "block/acacia_door",
		"particle": "block/air"
	},
	"elements": [
		{
			"from": [0, 0, 13],
			"to": [16, 16, 16],
			"faces": {
				"north": {"uv": [9.5, 4, 5.5, 8], "texture": "#top"},
				"east": {"uv": [0, 4, 0.75, 8], "texture": "#top", "cullface": "east"},
				"south": {"uv": [4.75, 4, 0.75, 8], "texture": "#top", "cullface": "south"},
				"west": {"uv": [5.5, 4, 4.75, 8], "texture": "#top", "cullface": "west"},
				"down": {"uv": [9.5, 0.75, 13.5, 1.5], "rotation": 180, "texture": "#top", "cullface": "down"}
			}
		},
		{
			"from": [2.9, 2.9, 16],
			"to": [13.1, 16, 13],
			"faces": {
				"east": {"uv": [9.5, 5.5, 10.25, 9], "texture": "#top"},
				"west": {"uv": [12.75, 5.5, 13.5, 9], "texture": "#top"},
				"down": {"uv": [12.75, 9.75, 10.25, 9], "texture": "#top"}
			}
		},
		{
			"from": [2.9, 13, 13],
			"to": [13.1, 15, 16],
			"faces": {
				"up": {"uv": [12.7, 5, 10.25, 5.75], "texture": "#top"},
				"down": {"uv": [12.7, 6.25, 10.25, 7], "texture": "#top"}
			}
		},
		{
			"from": [1, 13, 16],
			"to": [2, 16, 17],
			"faces": {
				"east": {"uv": [4.5, 4, 4.25, 4.75], "texture": "#top", "cullface": "south"},
				"south": {"uv": [4.5, 4, 4.25, 4.75], "texture": "#top", "cullface": "south"},
				"west": {"uv": [4.5, 4, 4.25, 4.75], "texture": "#top", "cullface": "south"},
				"down": {"uv": [4.5, 4.5, 4.25, 4.75], "texture": "#top", "cullface": "south"}
			}
		},
		{
			"from": [1, 13, 12],
			"to": [2, 16, 13],
			"faces": {
				"north": {"uv": [6, 4, 5.75, 4.75], "texture": "#top"},
				"east": {"uv": [6, 4, 5.75, 4.75], "texture": "#top"},
				"west": {"uv": [6, 4, 5.75, 4.75], "texture": "#top"},
				"down": {"uv": [6, 4.5, 5.75, 4.75], "texture": "#top"}
			}
		}
	]
}