{
	"ambientocclusion": false,
	"textures": {
		"top": "block/acacia_door",
		"particle": "block/air"
	},
	"elements": [
		{
			"from": [0, 0, 13],
			"to": [16, 16, 16],
			"faces": {
				"north": {"uv": [5.5, 4, 9.5, 8], "texture": "#top"},
				"east": {"uv": [4.75, 4, 5.5, 8], "texture": "#top", "cullface": "east"},
				"south": {"uv": [0.75, 4, 4.75, 8], "texture": "#top", "cullface": "south"},
				"west": {"uv": [0.75, 4, 0, 8], "texture": "#top", "cullface": "west"},
				"down": {"uv": [13.5, 0.75, 9.5, 1.5], "rotation": 180, "texture": "#top", "cullface": "down"}
			}
		},
		{
			"from": [2.9, 2.9, 16],
			"to": [13.1, 16, 13],
			"faces": {
				"east": {"uv": [13.5, 5.5, 12.75, 9], "texture": "#top"},
				"west": {"uv": [10.25, 5.5, 9.5, 9], "texture": "#top"},
				"down": {"uv": [10.25, 9.75, 12.75, 9], "texture": "#top"}
			}
		},
		{
			"from": [2.9, 13, 13],
			"to": [13.1, 15, 16],
			"faces": {
				"up": {"uv": [10.25, 5, 12.7, 5.75], "texture": "#top"},
				"down": {"uv": [10.25, 6.25, 12.7, 7], "texture": "#top"}
			}
		},
		{
			"from": [14, 13, 16],
			"to": [15, 16, 17],
			"faces": {
				"east": {"uv": [4.25, 4, 4.5, 4.75], "texture": "#top", "cullface": "south"},
				"south": {"uv": [4.25, 4, 4.5, 4.75], "texture": "#top", "cullface": "south"},
				"west": {"uv": [4.25, 4, 4.5, 4.75], "texture": "#top", "cullface": "south"},
				"down": {"uv": [4.25, 4.5, 4.5, 4.75], "texture": "#top", "cullface": "south"}
			}
		},
		{
			"from": [14, 13, 12],
			"to": [15, 16, 13],
			"faces": {
				"north": {"uv": [5.75, 4, 6, 4.75], "texture": "#top"},
				"east": {"uv": [5.75, 4, 6, 4.75], "texture": "#top"},
				"west": {"uv": [5.75, 4, 6, 4.75], "texture": "#top"},
				"down": {"uv": [5.75, 4.5, 6, 4.75], "texture": "#top"}
			}
		}
	]
}