{
	"credit": "Made with Blockbench",
	"parent": "block/oak_fence_post",
	"textures": {
		"2": "block/terrain",
		"texture": "block/acacia_fence",
		"particle": "block/stripped_acacia_log_top",
		"log": "block/stripped_acacia_log_top"
	},
	"elements": [
		{
			"from": [6, 0, 6],
			"to": [10, 16, 10],
			"faces": {
				"north": {"uv": [6, 0, 10, 16], "texture": "#texture"},
				"east": {"uv": [6, 0, 10, 16], "texture": "#texture"},
				"south": {"uv": [6, 0, 10, 16], "texture": "#texture"},
				"west": {"uv": [6, 0, 10, 16], "texture": "#texture"},
				"up": {"uv": [6, 6, 10, 10], "texture": "#log", "cullface": "up"},
				"down": {"uv": [6, 6, 10, 10], "texture": "#log", "cullface": "down"}
			}
		},
		{
			"from": [6, -8, 6],
			"to": [10, -7.99, 10],
			"faces": {
				"north": {"uv": [13.66667, 15.33333, 14, 16], "texture": "#2", "cullface": "down"},
				"east": {"uv": [13.66667, 15.33333, 14, 16], "texture": "#2", "cullface": "down"},
				"south": {"uv": [13.66667, 15.33333, 14, 16], "texture": "#2", "cullface": "down"},
				"west": {"uv": [13.66667, 15.33333, 14, 16], "texture": "#2", "cullface": "down"}
			}
		},
		{
			"from": [6, 16, 6],
			"to": [10, 16.01, 10],
			"faces": {
				"north": {"uv": [13.66667, 14.66667, 14, 15.33333], "texture": "#2", "cullface": "up"},
				"east": {"uv": [13.66667, 14.66667, 14, 15.33333], "texture": "#2", "cullface": "up"},
				"south": {"uv": [13.66667, 14.66667, 14, 15.33333], "texture": "#2", "cullface": "up"},
				"west": {"uv": [13.66667, 14.66667, 14, 15.33333], "texture": "#2", "cullface": "up"}
			}
		}
	]
}