{
	"credit": "Made with Blockbench",
	"ambientocclusion": false,
	"textures": {
		"2": "block/pumpkin_stem",
		"particle": "block/pumpkin_stem_particle"
	},
	"elements": [
		{
			"from": [0, -1, 8],
			"to": [16, 15, 8],
			"shade": false,
			"rotation": {"angle": -45, "axis": "y", "origin": [8, 8, 8]},
			"faces": {
				"north": {"uv": [6.4, 11.8, 9.6, 15.8], "texture": "#2"}
			}
		},
		{
			"from": [0, -1, 8],
			"to": [16, 15, 8],
			"shade": false,
			"rotation": {"angle": 45, "axis": "y", "origin": [8, 8, 8]},
			"faces": {
				"east": {"uv": [9.6, 11.8, 6.4, 15.8], "texture": "#2"},
				"south": {"uv": [9.6, 11.8, 6.4, 15.8], "texture": "#2"}
			}
		},
		{
			"from": [-16, -1, 8],
			"to": [16, 31, 8],
			"shade": false,
			"faces": {
				"north": {"uv": [3.2, 8, 9.6, 16], "texture": "#2"},
				"south": {"uv": [9.6, 8, 3.2, 16], "texture": "#2"}
			}
		}
	]
}