{
	"ambientocclusion": false,
	"textures": {
		"top": "block/bamboo_door",
		"particle": "block/air"
	},
	"elements": [
		{
			"from": [0, 0, 13],
			"to": [16, 16, 16],
			"faces": {
				"north": {"uv": [5.5, 0, 9.5, 4], "texture": "#top"},
				"east": {"uv": [4.75, 0, 5.5, 4], "texture": "#top", "cullface": "east"},
				"south": {"uv": [0.75, 0, 4.75, 4], "texture": "#top", "cullface": "south"},
				"west": {"uv": [0, 0, 0.75, 4], "texture": "#top", "cullface": "west"},
				"up": {"uv": [9.5, 0.75, 13.5, 0], "rotation": 180, "texture": "#top", "cullface": "up"}
			}
		},
		{
			"from": [2.9, 1.9, 16],
			"to": [13.1, 13.1, 13],
			"faces": {
				"east": {"uv": [13.5, 2.25, 12.75, 5], "texture": "#top"},
				"west": {"uv": [10.25, 2.25, 9.5, 5], "texture": "#top"},
				"up": {"uv": [10.25, 2.25, 12.75, 1.5], "texture": "#top"},
				"down": {"uv": [10.25, 5.75, 12.75, 5], "texture": "#top"}
			}
		},
		{
			"from": [2.9, 1.9, 14],
			"to": [13.1, 13.1, 15],
			"faces": {
				"north": {"uv": [0.75, 8.75, 3.25, 11.5], "texture": "#top"},
				"south": {"uv": [0.75, 8.75, 3.25, 11.5], "texture": "#top", "cullface": "south"}
			}
		},
		{
			"from": [13, 0, 16],
			"to": [14, 1, 16.5],
			"faces": {
				"east": {"uv": [4, 3.75, 4.25, 4], "texture": "#top", "cullface": "south"},
				"south": {"uv": [4, 3.75, 4.25, 4], "texture": "#top", "cullface": "south"},
				"west": {"uv": [4, 3.75, 4.25, 4], "texture": "#top", "cullface": "south"},
				"up": {"uv": [4, 3.75, 4.25, 4], "texture": "#top", "cullface": "south"},
				"down": {"uv": [4, 3.75, 4.25, 4], "texture": "#top", "cullface": "south"}
			}
		},
		{
			"from": [0, 0, 16],
			"to": [1, 2, 16.5],
			"faces": {
				"east": {"uv": [0.75, 3.5, 1, 4], "texture": "#top", "cullface": "south"},
				"south": {"uv": [0.75, 3.5, 1, 4], "texture": "#top", "cullface": "south"},
				"west": {"uv": [0.75, 3.5, 1, 4], "texture": "#top", "cullface": "south"},
				"up": {"uv": [0.75, 3.5, 1, 3.75], "texture": "#top", "cullface": "south"},
				"down": {"uv": [0.75, 3.75, 1, 4], "texture": "#top", "cullface": "south"}
			}
		},
		{
			"from": [0, 10, 16],
			"to": [1, 12, 16.5],
			"faces": {
				"east": {"uv": [0.75, 1, 1, 1.5], "texture": "#top", "cullface": "south"},
				"south": {"uv": [0.75, 1, 1, 1.5], "texture": "#top", "cullface": "south"},
				"west": {"uv": [0.75, 1, 1, 1.5], "texture": "#top", "cullface": "south"},
				"up": {"uv": [0.75, 1, 1, 1.25], "texture": "#top", "cullface": "south"},
				"down": {"uv": [0.75, 1.25, 1, 1.5], "texture": "#top", "cullface": "south"}
			}
		},
		{
			"from": [0, 10, 12.5],
			"to": [1, 12, 13],
			"faces": {
				"north": {"uv": [9.5, 1, 9.25, 1.5], "texture": "#top"},
				"east": {"uv": [9.5, 1, 9.25, 1.5], "texture": "#top"},
				"west": {"uv": [9.5, 1, 9.25, 1.5], "texture": "#top"},
				"up": {"uv": [9.25, 1.25, 9.5, 1], "texture": "#top"},
				"down": {"uv": [9.25, 1.5, 9.5, 1.25], "texture": "#top"}
			}
		},
		{
			"from": [0, 0, 12.5],
			"to": [1, 2, 13],
			"faces": {
				"north": {"uv": [9.5, 3.5, 9.25, 4], "texture": "#top"},
				"east": {"uv": [9.5, 3.5, 9.25, 4], "texture": "#top"},
				"west": {"uv": [9.5, 3.5, 9.25, 4], "texture": "#top"},
				"up": {"uv": [9.25, 3.75, 9.5, 3.5], "texture": "#top"},
				"down": {"uv": [9.25, 4, 9.5, 3.75], "texture": "#top"}
			}
		},
		{
			"from": [13, 0, 12.5],
			"to": [14, 1, 13],
			"faces": {
				"north": {"uv": [6.25, 3.75, 6, 4], "texture": "#top"},
				"east": {"uv": [6.25, 3.75, 6, 4], "texture": "#top"},
				"west": {"uv": [6.25, 3.75, 6, 4], "texture": "#top"},
				"up": {"uv": [6, 4, 6.25, 3.75], "texture": "#top"},
				"down": {"uv": [6, 4, 6.25, 3.75], "texture": "#top"}
			}
		}
	]
}