{
	"credit": "Made with Blockbench",
	"textures": {
		"2": "block/terrain",
		"log": "block/bamboo_fence2",
		"particle": "block/stripped_bamboo_block"
	},
	"elements": [
		{
			"from": [6, 0, 6],
			"to": [10, 16, 10],
			"faces": {
				"north": {"uv": [6, 0, 10, 16], "texture": "#log"},
				"east": {"uv": [6, 0, 10, 16], "texture": "#log"},
				"south": {"uv": [6, 0, 10, 16], "texture": "#log"},
				"west": {"uv": [6, 0, 10, 16], "texture": "#log"},
				"up": {"uv": [11, 0, 15, 4], "texture": "#log", "cullface": "up"},
				"down": {"uv": [11, 12, 15, 16], "texture": "#log", "cullface": "down"}
			}
		},
		{
			"from": [6, 16, 6],
			"to": [10, 16.01, 10],
			"rotation": {"angle": 0, "axis": "y", "origin": [0, 8, 0]},
			"faces": {
				"north": {"uv": [14.66667, 14.66667, 15, 15.33333], "texture": "#2", "cullface": "up"},
				"east": {"uv": [14.66667, 14.66667, 15, 15.33333], "texture": "#2", "cullface": "up"},
				"south": {"uv": [14.66667, 14.66667, 15, 15.33333], "texture": "#2", "cullface": "up"},
				"west": {"uv": [14.66667, 14.66667, 15, 15.33333], "texture": "#2", "cullface": "up"}
			}
		},
		{
			"from": [6, -8, 6],
			"to": [10, -7.99, 10],
			"rotation": {"angle": 0, "axis": "y", "origin": [0, -16, 0]},
			"faces": {
				"north": {"uv": [14.66667, 15.33333, 15, 16], "texture": "#2", "cullface": "down"},
				"east": {"uv": [14.66667, 15.33333, 15, 16], "texture": "#2", "cullface": "down"},
				"south": {"uv": [14.66667, 15.33333, 15, 16], "texture": "#2", "cullface": "down"},
				"west": {"uv": [14.66667, 15.33333, 15, 16], "texture": "#2", "cullface": "down"}
			}
		}
	]
}