{
	"ambientocclusion": false,
	"textures": {
		"top": "block/bamboo_door",
		"particle": "block/air"
	},
	"elements": [
		{
			"from": [0, 0, 13],
			"to": [16, 16, 16],
			"faces": {
				"north": {"uv": [5.5, 4, 9.5, 8], "texture": "#top"},
				"east": {"uv": [4.75, 4, 5.5, 8], "texture": "#top", "cullface": "east"},
				"south": {"uv": [0.75, 4, 4.75, 8], "texture": "#top", "cullface": "south"},
				"west": {"uv": [0.75, 4, 0, 8], "texture": "#top", "cullface": "west"},
				"down": {"uv": [13.5, 0.75, 9.5, 1.5], "rotation": 180, "texture": "#top", "cullface": "down"}
			}
		},
		{
			"from": [12, 13, 16],
			"to": [13, 16, 17],
			"faces": {
				"east": {"uv": [3.75, 4, 4, 4.75], "texture": "#top", "cullface": "south"},
				"south": {"uv": [3.75, 4, 4, 4.75], "texture": "#top", "cullface": "south"},
				"west": {"uv": [3.75, 4, 4, 4.75], "texture": "#top", "cullface": "south"},
				"up": {"uv": [3.75, 4, 4, 4.25], "texture": "#top", "cullface": "south"}
			}
		},
		{
			"from": [14, 13, 16],
			"to": [15, 16, 17],
			"faces": {
				"east": {"uv": [4.25, 4, 4.5, 4.75], "texture": "#top", "cullface": "south"},
				"south": {"uv": [4.25, 4, 4.5, 4.75], "texture": "#top", "cullface": "south"},
				"west": {"uv": [4.25, 4, 4.5, 4.75], "texture": "#top", "cullface": "south"},
				"up": {"uv": [4.25, 4, 4.5, 4.25], "texture": "#top", "cullface": "south"}
			}
		},
		{
			"from": [12, 13, 16],
			"to": [15, 14, 17],
			"faces": {
				"south": {"uv": [3.75, 4.5, 4.5, 4.75], "texture": "#top", "cullface": "south"},
				"up": {"uv": [3.75, 4.5, 4.5, 4.75], "texture": "#top", "cullface": "south"},
				"down": {"uv": [3.75, 4.5, 4.5, 4.75], "texture": "#top", "cullface": "south"}
			}
		},
		{
			"from": [0, 6, 16],
			"to": [1, 8, 16.5],
			"faces": {
				"east": {"uv": [0.75, 6, 1, 6.5], "texture": "#top", "cullface": "south"},
				"south": {"uv": [0.75, 6, 1, 6.5], "texture": "#top", "cullface": "south"},
				"west": {"uv": [0.75, 6, 1, 6.5], "texture": "#top", "cullface": "south"},
				"up": {"uv": [0.75, 6, 1, 6.25], "texture": "#top", "cullface": "south"},
				"down": {"uv": [0.75, 6.25, 1, 6.5], "texture": "#top", "cullface": "south"}
			}
		},
		{
			"from": [0, 3, 16],
			"to": [16, 5, 16.5],
			"faces": {
				"east": {"uv": [4.5, 6.75, 4.75, 7.25], "texture": "#top", "cullface": "south"},
				"south": {"uv": [0.75, 6.75, 4.75, 7.25], "texture": "#top", "cullface": "south"},
				"west": {"uv": [0.75, 6.75, 1, 7.25], "texture": "#top", "cullface": "south"},
				"up": {"uv": [0.75, 6.75, 4.75, 7], "texture": "#top", "cullface": "south"},
				"down": {"uv": [0.75, 7, 4.75, 7.25], "texture": "#top", "cullface": "south"}
			}
		},
		{
			"from": [0, 3, 12.5],
			"to": [16, 5, 13],
			"faces": {
				"north": {"uv": [5.5, 6.75, 9.5, 7.25], "texture": "#top"},
				"east": {"uv": [5.75, 6.75, 5.5, 7.25], "texture": "#top"},
				"west": {"uv": [9.5, 6.75, 9.25, 7.25], "texture": "#top"},
				"up": {"uv": [9.5, 7, 5.5, 6.75], "texture": "#top"},
				"down": {"uv": [9.5, 7.25, 5.5, 7], "texture": "#top"}
			}
		},
		{
			"from": [0, 6, 12.5],
			"to": [1, 8, 13],
			"faces": {
				"north": {"uv": [9.5, 6, 9.25, 6.5], "texture": "#top"},
				"east": {"uv": [9.5, 6, 9.25, 6.5], "texture": "#top"},
				"west": {"uv": [9.5, 6, 9.25, 6.5], "texture": "#top"},
				"up": {"uv": [9.25, 6.25, 9.5, 6], "texture": "#top"},
				"down": {"uv": [9.25, 6.5, 9.5, 6.25], "texture": "#top"}
			}
		},
		{
			"from": [12, 13, 12],
			"to": [13, 16, 13],
			"faces": {
				"north": {"uv": [6.5, 4, 6.25, 4.75], "texture": "#top"},
				"east": {"uv": [6.5, 4, 6.25, 4.75], "texture": "#top"},
				"west": {"uv": [6.5, 4, 6.25, 4.75], "texture": "#top"},
				"up": {"uv": [6.25, 4.25, 6.5, 4], "texture": "#top"}
			}
		},
		{
			"from": [12, 13, 12],
			"to": [15, 14, 13],
			"faces": {
				"north": {"uv": [5.75, 4.5, 6.5, 4.75], "texture": "#top"},
				"up": {"uv": [6.5, 4.75, 5.75, 4.5], "texture": "#top"},
				"down": {"uv": [6.5, 4.75, 5.75, 4.5], "texture": "#top"}
			}
		},
		{
			"from": [14, 13, 12],
			"to": [15, 16, 13],
			"faces": {
				"north": {"uv": [6, 4, 5.75, 4.75], "texture": "#top"},
				"east": {"uv": [6, 4, 5.75, 4.75], "texture": "#top"},
				"west": {"uv": [6, 4, 5.75, 4.75], "texture": "#top"},
				"up": {"uv": [5.75, 4.25, 6, 4], "texture": "#top"}
			}
		}
	]
}