{
	"textures": {
		"3": "block/bamboo_mosaic_stairs_side",
		"particle": "block/bamboo_mosaic_stairs_side",
		"top": "block/bamboo_mosaic_stairs",
		"4": "block/bamboo_mosaic_stairs_front"
	},
	"elements": [
		{
			"from": [0, 0, 0],
			"to": [16, 8, 16],
			"faces": {
				"east": {"uv": [0, 8, 16, 16], "texture": "#3", "cullface": "east"},
				"west": {"uv": [0, 0, 16, 8], "texture": "#4", "cullface": "west"}
			}
		},
		{
			"from": [8, 0, 0],
			"to": [16, 8, 16],
			"faces": {
				"north": {"uv": [0, 8, 8, 16], "texture": "#4", "cullface": "north"},
				"south": {"uv": [0, 0, 8, 8], "texture": "#3", "cullface": "south"}
			}
		},
		{
			"from": [0, 0, 0],
			"to": [8, 8, 16],
			"faces": {
				"north": {"uv": [8, 8, 16, 16], "texture": "#3", "cullface": "north"},
				"south": {"uv": [8, 8, 16, 16], "texture": "#3", "cullface": "south"}
			}
		},
		{
			"from": [8, 0, 0],
			"to": [16, 8, 8],
			"faces": {
				"up": {"uv": [7, 8, 15, 0], "rotation": 180, "texture": "#top"}
			}
		},
		{
			"from": [0, 0, 0],
			"to": [8, 8, 16],
			"faces": {
				"up": {"uv": [0, 8, 16, 0], "rotation": 90, "texture": "#top"}
			}
		},
		{
			"from": [8, 8, 8],
			"to": [16, 16, 16],
			"faces": {
				"north": {"uv": [0, 0, 8, 8], "texture": "#3"},
				"east": {"uv": [16, 8, 8, 16], "texture": "#3", "cullface": "east"},
				"south": {"uv": [8, 0, 16, 8], "texture": "#3", "cullface": "south"},
				"west": {"uv": [8, 8, 16, 16], "texture": "#4"},
				"up": {"uv": [0, 8, 8, 0], "rotation": 90, "texture": "#top", "cullface": "up"}
			}
		}
	]
}