{
	"ambientocclusion": false,
	"textures": {
		"top": "block/bamboo_door",
		"particle": "block/air"
	},
	"elements": [
		{
			"from": [0, 0, 13],
			"to": [16, 16, 16],
			"faces": {
				"north": {"uv": [9.5, 0, 5.5, 4], "texture": "#top"},
				"east": {"uv": [0.75, 0, 0, 4], "texture": "#top", "cullface": "east"},
				"south": {"uv": [4.75, 0, 0.75, 4], "texture": "#top", "cullface": "south"},
				"west": {"uv": [5.5, 0, 4.75, 4], "texture": "#top", "cullface": "west"},
				"up": {"uv": [13.5, 0.75, 9.5, 0], "rotation": 180, "texture": "#top", "cullface": "up"}
			}
		},
		{
			"from": [2.9, 1.9, 16],
			"to": [13.1, 13.1, 13],
			"faces": {
				"east": {"uv": [9.5, 2.25, 10.25, 5], "texture": "#top"},
				"west": {"uv": [12.75, 2.25, 13.5, 5], "texture": "#top"},
				"up": {"uv": [12.75, 2.25, 10.25, 1.5], "texture": "#top"},
				"down": {"uv": [12.75, 5.75, 10.25, 5], "texture": "#top"}
			}
		},
		{
			"from": [2.9, 1.9, 14],
			"to": [13.1, 13.1, 15],
			"faces": {
				"north": {"uv": [3.25, 8.75, 0.75, 11.5], "texture": "#top"},
				"south": {"uv": [3.25, 8.75, 0.75, 11.5], "texture": "#top", "cullface": "south"}
			}
		},
		{
			"from": [2, 0, 16],
			"to": [3, 1, 16.5],
			"faces": {
				"east": {"uv": [4.25, 3.75, 4, 4], "texture": "#top", "cullface": "south"},
				"south": {"uv": [4.25, 3.75, 4, 4], "texture": "#top", "cullface": "south"},
				"west": {"uv": [4.25, 3.75, 4, 4], "texture": "#top", "cullface": "south"},
				"up": {"uv": [4.25, 3.75, 4, 4], "texture": "#top", "cullface": "south"},
				"down": {"uv": [4.25, 3.75, 4, 4], "texture": "#top", "cullface": "south"}
			}
		},
		{
			"from": [15, 0, 16],
			"to": [16, 2, 16.5],
			"faces": {
				"east": {"uv": [1, 3.5, 0.75, 4], "texture": "#top", "cullface": "south"},
				"south": {"uv": [1, 3.5, 0.75, 4], "texture": "#top", "cullface": "south"},
				"west": {"uv": [1, 3.5, 0.75, 4], "texture": "#top", "cullface": "south"},
				"up": {"uv": [1, 3.5, 0.75, 3.75], "texture": "#top", "cullface": "south"},
				"down": {"uv": [1, 3.75, 0.75, 4], "texture": "#top", "cullface": "south"}
			}
		},
		{
			"from": [15, 10, 16],
			"to": [16, 12, 16.5],
			"faces": {
				"east": {"uv": [1, 1, 0.75, 1.5], "texture": "#top", "cullface": "south"},
				"south": {"uv": [1, 1, 0.75, 1.5], "texture": "#top", "cullface": "south"},
				"west": {"uv": [1, 1, 0.75, 1.5], "texture": "#top", "cullface": "south"},
				"up": {"uv": [1, 1, 0.75, 1.25], "texture": "#top", "cullface": "south"},
				"down": {"uv": [1, 1.25, 0.75, 1.5], "texture": "#top", "cullface": "south"}
			}
		},
		{
			"from": [15, 10, 12.5],
			"to": [16, 12, 13],
			"faces": {
				"north": {"uv": [9.25, 1, 9.5, 1.5], "texture": "#top"},
				"east": {"uv": [9.25, 1, 9.5, 1.5], "texture": "#top"},
				"west": {"uv": [9.25, 1, 9.5, 1.5], "texture": "#top"},
				"up": {"uv": [9.5, 1.25, 9.25, 1], "texture": "#top"},
				"down": {"uv": [9.5, 1.5, 9.25, 1.25], "texture": "#top"}
			}
		},
		{
			"from": [15, 0, 12.5],
			"to": [16, 2, 13],
			"faces": {
				"north": {"uv": [9.25, 3.5, 9.5, 4], "texture": "#top"},
				"east": {"uv": [9.25, 3.5, 9.5, 4], "texture": "#top"},
				"west": {"uv": [9.25, 3.5, 9.5, 4], "texture": "#top"},
				"up": {"uv": [9.5, 3.75, 9.25, 3.5], "texture": "#top"},
				"down": {"uv": [9.5, 4, 9.25, 3.75], "texture": "#top"}
			}
		},
		{
			"from": [2, 0, 12.5],
			"to": [3, 1, 13],
			"faces": {
				"north": {"uv": [6, 3.75, 6.25, 4], "texture": "#top"},
				"east": {"uv": [6, 3.75, 6.25, 4], "texture": "#top"},
				"west": {"uv": [6, 3.75, 6.25, 4], "texture": "#top"},
				"up": {"uv": [6.25, 4, 6, 3.75], "texture": "#top"},
				"down": {"uv": [6.25, 4, 6, 3.75], "texture": "#top"}
			}
		}
	]
}