{
	"ambientocclusion": false,
	"textures": {
		"top": "block/birch_door",
		"particle": "block/air"
	},
	"elements": [
		{
			"from": [0, 0, 13],
			"to": [16, 16, 16],
			"faces": {
				"north": {"uv": [5.5, 4, 9.5, 8], "texture": "#top"},
				"east": {"uv": [4.75, 4, 5.5, 8], "texture": "#top", "cullface": "east"},
				"south": {"uv": [0.75, 4, 4.75, 8], "texture": "#top", "cullface": "south"},
				"west": {"uv": [0.75, 4, 0, 8], "texture": "#top", "cullface": "west"},
				"down": {"uv": [13.5, 0.75, 9.5, 1.5], "rotation": 180, "texture": "#top", "cullface": "down"}
			}
		},
		{
			"from": [2.9, 11.9, 15],
			"to": [13.1, 16, 14],
			"faces": {
				"north": {"uv": [4.75, 12, 7.25, 13], "texture": "#top"},
				"south": {"uv": [0.75, 12, 3.25, 13], "texture": "#top", "cullface": "south"}
			}
		},
		{
			"from": [2.9, 11.9, 16],
			"to": [13.1, 16, 13],
			"faces": {
				"east": {"uv": [13.5, 5.5, 12.75, 6.5], "texture": "#top"},
				"west": {"uv": [10.25, 5.5, 9.5, 6.5], "texture": "#top"},
				"down": {"uv": [10.25, 6.5, 12.75, 7.25], "texture": "#top"}
			}
		}
	]
}