{
	"ambientocclusion": false,
	"textures": {
		"top": "block/birch_door",
		"particle": "block/air"
	},
	"elements": [
		{
			"from": [0, 0, 13],
			"to": [16, 16, 16],
			"faces": {
				"north": {"uv": [9.5, 0, 5.5, 4], "texture": "#top"},
				"east": {"uv": [0.75, 0, 0, 4], "texture": "#top", "cullface": "east"},
				"south": {"uv": [4.75, 0, 0.75, 4], "texture": "#top", "cullface": "south"},
				"west": {"uv": [5.5, 0, 4.75, 4], "texture": "#top", "cullface": "west"},
				"up": {"uv": [13.5, 0.75, 9.5, 0], "rotation": 180, "texture": "#top", "cullface": "up"}
			}
		},
		{
			"from": [2.9, 0, 16],
			"to": [13.1, 13.1, 13],
			"faces": {
				"east": {"uv": [9.5, 2.25, 10.25, 5.5], "texture": "#top"},
				"west": {"uv": [12.75, 2.25, 13.5, 5.5], "texture": "#top"},
				"up": {"uv": [12.75, 2.25, 10.25, 1.5], "texture": "#top"}
			}
		},
		{
			"from": [2.9, 0, 15],
			"to": [13.1, 13.1, 14],
			"faces": {
				"north": {"uv": [7.25, 8.75, 4.75, 12], "texture": "#top"},
				"south": {"uv": [3.25, 8.75, 0.75, 12], "texture": "#top", "cullface": "south"}
			}
		},
		{
			"from": [1, -1, 16],
			"to": [2, 3, 17],
			"faces": {
				"east": {"uv": [4.5, 3.25, 4.25, 4.25], "texture": "#top", "cullface": "south"},
				"south": {"uv": [4.5, 3.25, 4.25, 4.25], "texture": "#top", "cullface": "south"},
				"west": {"uv": [4.5, 3.25, 4.25, 4.25], "texture": "#top", "cullface": "south"},
				"up": {"uv": [4.5, 3.25, 4.25, 3.5], "texture": "#top", "cullface": "south"},
				"down": {"uv": [4.5, 4.25, 4.25, 4], "texture": "#top", "cullface": "south"}
			}
		},
		{
			"from": [1, -1, 12],
			"to": [2, 3, 13],
			"faces": {
				"north": {"uv": [5.75, 3.25, 6, 4.25], "texture": "#top"},
				"east": {"uv": [5.75, 3.25, 6, 4.25], "texture": "#top"},
				"west": {"uv": [5.75, 3.25, 6, 4.25], "texture": "#top"},
				"up": {"uv": [6, 3.5, 5.75, 3.25], "texture": "#top"},
				"down": {"uv": [6, 4.25, 5.75, 4], "texture": "#top"}
			}
		}
	]
}